INSERT INTO colors(id, name) VALUES (1, 'Black');
INSERT INTO colors(id, name) VALUES (2, 'White');
INSERT INTO colors(id, name) VALUES (3, 'Silver');
INSERT INTO colors(id, name) VALUES (4, 'Green');
INSERT INTO colors(id, name) VALUES (5, 'Yellow');

INSERT INTO manufacturers(id, name, country) VALUES (1, 'BMW', 'Germany');
INSERT INTO manufacturers(id, name, country) VALUES (2, 'Audi', 'Germany');
INSERT INTO manufacturers(id, name, country) VALUES (3, 'Volkswagen', 'Germany');
INSERT INTO manufacturers(id, name, country) VALUES (4, 'Mercedes-Benz', 'Germany');
INSERT INTO manufacturers(id, name, country) VALUES (5, 'Honda', 'Japan');
INSERT INTO manufacturers(id, name, country) VALUES (6, 'Mitsubishi', 'Japan');
INSERT INTO manufacturers(id, name, country) VALUES (7, 'Mazda', 'Japan');
INSERT INTO manufacturers(id, name, country) VALUES (8, 'Toyota', 'Japan');
INSERT INTO manufacturers(id, name, country) VALUES (9, 'Hyundai', 'Korea');
INSERT INTO manufacturers(id, name, country) VALUES (10, 'Ford', 'USA');

INSERT INTO model(id, name, manufacturer_id) VALUES (1, '520', 1);
INSERT INTO model(id, name, manufacturer_id) VALUES (2, '320', 1);
INSERT INTO model(id, name, manufacturer_id) VALUES (3, '540', 1);
INSERT INTO model(id, name, manufacturer_id) VALUES (4, 'X5', 1);
INSERT INTO model(id, name, manufacturer_id) VALUES (5, 'X6', 1);

INSERT INTO model(id, name, manufacturer_id) VALUES (6, 'A6', 2);
INSERT INTO model(id, name, manufacturer_id) VALUES (7, 'A7', 2);
INSERT INTO model(id, name, manufacturer_id) VALUES (8, 'A8', 2);
INSERT INTO model(id, name, manufacturer_id) VALUES (9, 'Q5', 2);
INSERT INTO model(id, name, manufacturer_id) VALUES (10, 'Q7', 2);

INSERT INTO model(id, name, manufacturer_id) VALUES (11, 'Golf', 3);
INSERT INTO model(id, name, manufacturer_id) VALUES (12, 'Jetta', 3);
INSERT INTO model(id, name, manufacturer_id) VALUES (13, 'Passat', 3);
INSERT INTO model(id, name, manufacturer_id) VALUES (14, 'Tiguan', 3);
INSERT INTO model(id, name, manufacturer_id) VALUES (15, 'Touareg', 3);
INSERT INTO model(id, name, manufacturer_id) VALUES (16, 'Phaeton', 3);
INSERT INTO model(id, name, manufacturer_id) VALUES (17, 'Transporter', 3);
INSERT INTO model(id, name, manufacturer_id) VALUES (18, 'Amarok', 3);

INSERT INTO model(id, name, manufacturer_id) VALUES (19, 'S500', 4);
INSERT INTO model(id, name, manufacturer_id) VALUES (20, 'G500', 4);
INSERT INTO model(id, name, manufacturer_id) VALUES (21, 'GL550', 4);
INSERT INTO model(id, name, manufacturer_id) VALUES (22, 'E320', 4);

INSERT INTO model(id, name, manufacturer_id) VALUES (23, 'Civic', 5);
INSERT INTO model(id, name, manufacturer_id) VALUES (24, 'Accord', 5);
INSERT INTO model(id, name, manufacturer_id) VALUES (25, 'CR-V', 5);

INSERT INTO model(id, name, manufacturer_id) VALUES (26, 'Colt', 6);
INSERT INTO model(id, name, manufacturer_id) VALUES (27, 'Lancer', 6);
INSERT INTO model(id, name, manufacturer_id) VALUES (28, 'Galant', 6);
INSERT INTO model(id, name, manufacturer_id) VALUES (29, 'Pajero', 6);
INSERT INTO model(id, name, manufacturer_id) VALUES (30, 'Outlander', 6);
INSERT INTO model(id, name, manufacturer_id) VALUES (31, 'ASX', 6);

INSERT INTO model(id, name, manufacturer_id) VALUES (32, '3', 7);
INSERT INTO model(id, name, manufacturer_id) VALUES (33, '6', 7);
INSERT INTO model(id, name, manufacturer_id) VALUES (34, 'CX-5', 7);
INSERT INTO model(id, name, manufacturer_id) VALUES (35, 'CX-9', 7);

INSERT INTO model(id, name, manufacturer_id) VALUES (36, 'Corolla', 8);
INSERT INTO model(id, name, manufacturer_id) VALUES (37, 'Camry', 8);
INSERT INTO model(id, name, manufacturer_id) VALUES (38, 'Land Cruiser', 8);
INSERT INTO model(id, name, manufacturer_id) VALUES (39, 'Land Cruiser Prado', 8);
INSERT INTO model(id, name, manufacturer_id) VALUES (40, 'Venza', 8);
INSERT INTO model(id, name, manufacturer_id) VALUES (41, 'Avensis', 8);
INSERT INTO model(id, name, manufacturer_id) VALUES (42, 'Tundra', 8);
INSERT INTO model(id, name, manufacturer_id) VALUES (43, 'Avalon', 8);

INSERT INTO model(id, name, manufacturer_id) VALUES (44, 'Accent', 9);
INSERT INTO model(id, name, manufacturer_id) VALUES (45, 'Elantra', 9);
INSERT INTO model(id, name, manufacturer_id) VALUES (46, 'Sonata', 9);
INSERT INTO model(id, name, manufacturer_id) VALUES (47, 'Tucson', 9);
INSERT INTO model(id, name, manufacturer_id) VALUES (48, 'Santa FE', 9);

INSERT INTO model(id, name, manufacturer_id) VALUES (49, 'Fiesta', 10);
INSERT INTO model(id, name, manufacturer_id) VALUES (50, 'Focus', 10);
INSERT INTO model(id, name, manufacturer_id) VALUES (51, 'Kuga', 10);
INSERT INTO model(id, name, manufacturer_id) VALUES (52, 'Mondeo', 10);
INSERT INTO model(id, name, manufacturer_id) VALUES (53, 'Mustang', 10);

