<?xml version="1.0" encoding="utf-8"?>
<!DOCTYPE hibernate-mapping PUBLIC
        "-//Hibernate/Hibernate Mapping DTD//EN"
        "http://www.hibernate.org/dtd/hibernate-mapping-3.0.dtd">

<hibernate-mapping>
    <class name="net.proselyte.hibernate.annotations.Developer" table="HIBERNATE_DEVELOPERS">
        <meta attribute="class-description">
            This class contains developer details.
        </meta>
        <id name="id" type="int" column="id">
            <generator class="native"/>
        </id>
        <property name="firstName" column="FIRST_NAME" type="string"/>
        <property name="lastName" column="LAST_NAME" type="string"/>
        <property name="specialty" column="SPECIALTY" type="string"/>
        <property name="experience" column="EXPERIENCE" type="int"/>
    </class>

</hibernate-mapping>