<?xml version="1.0" encoding="utf-8"?>
<!DOCTYPE hibernate-configuration SYSTEM
        "http://www.hibernate.org/dtd/hibernate-configuration-3.0.dtd">

<hibernate-configuration>
    <session-factory>
        <property name="hibernate.dialect">
            org.hibernate.dialect.MySQLDialect
        </property>
        <property name="hibernate.connection.driver_class">
            com.mysql.jdbc.Driver
        </property>

        <!-- Assume PROSELYTE_TUTORIAL is the database name -->
        <property name="hibernate.connection.url">
            jdbc:mysql://localhost/ИМЯ_ВАШЕЙ_БД
        </property>
        <property name="hibernate.connection.username">
            ВАШЕ_ИМЯ_ПОЛЬЗОВАТЕЛЯ
        </property>
        <property name="hibernate.connection.password">
            ВАШ_ПАРОЛЬ
        </property>

        <!-- List of XML mapping files -->
        <mapping resource="Developer.hbm.xml"/>

    </session-factory>
</hibernate-configuration>